Result,Margin,Toss,Bat,Opposition,Start Date
n/r,-,won,1st, Zimbabwe,31/05/2015
won,6 wickets,won,2nd, Sri Lanka,11/07/2015
lost,2 wickets,won,1st, Sri Lanka,15/07/2015
won,6 wickets,lost,2nd, England,11/11/2015
lost,95 runs,lost,2nd, England,13/11/2015
lost,6 wickets,won,1st, England,17/11/2015
lost,84 runs,lost,2nd, England,20/11/2015
lost,70 runs,won,2nd, New Zealand,25/01/2016
lost,3 wickets,won,1st, New Zealand,31/01/2016
won,255 runs,lost,1st, Ireland,18/08/2016
lost,44 runs,won,1st, England,24/08/2016
lost,4 wickets,won,1st, England,27/08/2016
lost,169 runs,lost,2nd, England,30/08/2016
lost,4 wickets,won,1st, England,01/09/2016
won,4 wickets,won,2nd, England,04/09/2016
won,111 runs,lost,1st, West Indies,30/09/2016
won,59 runs,won,1st, West Indies,02/10/2016
won,136 runs,won,1st, West Indies,05/10/2016
lost,92 runs,lost,2nd, Australia,13/01/2017
won,6 wickets,lost,2nd, Australia,15/01/2017
lost,7 wickets,lost,1st, Australia,19/01/2017
lost,86 runs,lost,2nd, Australia,22/01/2017
lost,57 runs,lost,2nd, Australia,26/01/2017
lost,4 wickets,lost,1st, West Indies,07/04/2017
won,74 runs,lost,1st, West Indies,09/04/2017
won,6 wickets,lost,2nd, West Indies,11/04/2017
lost,124 runs,won,2nd, India,04/06/2017
won,19 runs,lost,2nd, South Africa,07/06/2017
won,3 wickets,won,2nd, Sri Lanka,12/06/2017
won,8 wickets,won,2nd, England,14/06/2017
won,180 runs,lost,1st, India,18/06/2017
won,83 runs,lost,1st, Sri Lanka,13/10/2017
won,32 runs,won,1st, Sri Lanka,16/10/2017
won,7 wickets,lost,2nd, Sri Lanka,18/10/2017
won,7 wickets,lost,2nd, Sri Lanka,20/10/2017
won,9 wickets,lost,2nd, Sri Lanka,23/10/2017
lost,61 runs,won,2nd, New Zealand,06/01/2018
lost,8 wickets,won,1st, New Zealand,09/01/2018
lost,183 runs,lost,2nd, New Zealand,13/01/2018
lost,5 wickets,won,1st, New Zealand,16/01/2018
lost,15 runs,lost,2nd, New Zealand,19/01/2018
won,201 runs,lost,1st, Zimbabwe,13/07/2018
won,9 wickets,lost,2nd, Zimbabwe,16/07/2018
won,9 wickets,lost,2nd, Zimbabwe,18/07/2018
won,244 runs,won,1st, Zimbabwe,20/07/2018
won,131 runs,won,1st, Zimbabwe,22/07/2018
won,8 wickets,lost,2nd, Hong Kong,16/09/2018
lost,8 wickets,won,1st, India,19/09/2018
won,3 wickets,lost,2nd, Afghanistan,21/09/2018
lost,9 wickets,won,1st, India,23/09/2018
lost,37 runs,lost,2nd, Bangladesh,26/09/2018
lost,47 runs,lost,2nd, New Zealand,07/11/2018
won,6 wickets,lost,2nd, New Zealand,09/11/2018
n/r,-,won,1st, New Zealand,11/11/2018
won,5 wickets,lost,2nd, South Africa,19/01/2019
lost,5 wickets,lost,1st, South Africa,22/01/2019
lost,13 runs,won,1st, South Africa,25/01/2019
won,8 wickets,won,2nd, South Africa,27/01/2019
lost,7 wickets,lost,1st, South Africa,30/01/2019
n/r,-,lost,1st, England,08/05/2019
lost,12 runs,won,2nd, England,11/05/2019
lost,6 wickets,lost,1st, England,14/05/2019
lost,3 wickets,lost,1st, England,17/05/2019
lost,54 runs,lost,2nd, England,19/05/2019
lost,7 wickets,lost,1st, West Indies,31/05/2019
won,14 runs,lost,1st, England,03/06/2019
lost,41 runs,won,2nd, Australia,12/06/2019
lost,89 runs,won,2nd, India,16/06/2019
won,49 runs,won,1st, South Africa,23/06/2019
won,6 wickets,lost,2nd, New Zealand,26/06/2019
won,3 wickets,lost,2nd, Afghanistan,29/06/2019
won,94 runs,won,1st, Bangladesh,05/07/2019
won,67 runs,won,1st, Sri Lanka,30/09/2019
won,5 wickets,lost,2nd, Sri Lanka,02/10/2019
won,26 runs,won,1st, Zimbabwe,30/10/2020
won,6 wickets,lost,2nd, Zimbabwe,01/11/2020
tied,-,lost,2nd, Zimbabwe,03/11/2020
won,3 wickets,won,2nd, South Africa,02/04/2021
lost,17 runs,won,2nd, South Africa,04/04/2021
won,28 runs,lost,1st, South Africa,07/04/2021
lost,9 wickets,lost,1st, England,08/07/2021
lost,52 runs,won,2nd, England,10/07/2021
lost,3 wickets,lost,1st, England,13/07/2021
lost,88 runs,won,2nd, Australia,29/03/2022
won,6 wickets,won,2nd, Australia,31/03/2022
won,9 wickets,won,2nd, Australia,02/04/2022
won,5 wickets,lost,2nd, West Indies,08/06/2022
won,120 runs,won,1st, West Indies,10/06/2022
won,53 runs,won,1st, West Indies,12/06/2022
won,16 runs,won,1st, Netherlands,16/08/2022
won,7 wickets,lost,2nd, Netherlands,18/08/2022
won,9 runs,won,1st, Netherlands,21/08/2022
won,6 wickets,won,2nd, New Zealand,09/01/2023
lost,79 runs,lost,2nd, New Zealand,11/01/2023
lost,2 wickets,won,1st, New Zealand,13/01/2023
won,5 wickets,won,2nd, New Zealand,27/04/2023
won,7 wickets,won,2nd, New Zealand,29/04/2023
won,26 runs,lost,1st, New Zealand,03/05/2023
won,102 runs,lost,1st, New Zealand,05/05/2023
lost,47 runs,lost,2nd, New Zealand,07/05/2023
won,142 runs,won,1st, Afghanistan,22/08/2023
won,1 wickets,lost,2nd, Afghanistan,24/08/2023
won,59 runs,won,1st, Afghanistan,26/08/2023
won,238 runs,won,1st, Nepal,30/08/2023
n/r,-,lost,2nd, India,02/09/2023
won,7 wickets,lost,2nd, Bangladesh,06/09/2023
lost,228 runs,won,2nd, India,10/09/2023
lost,2 wickets,won,1st, Sri Lanka,14/09/2023
won,81 runs,lost,1st, Netherlands,06/10/2023
won,6 wickets,lost,2nd, Sri Lanka,10/10/2023
lost,7 wickets,lost,1st, India,14/10/2023
lost,62 runs,won,2nd, Australia,20/10/2023
lost,8 wickets,won,1st, Afghanistan,23/10/2023
lost,1 wickets,won,1st, South Africa,27/10/2023
won,7 wickets,lost,2nd, Bangladesh,31/10/2023
won,21 runs,won,2nd, New Zealand,04/11/2023
lost,93 runs,lost,2nd, England,11/11/2023
lost,2 wickets,lost,1st, Australia,04/11/2024
won,9 wickets,won,2nd, Australia,08/11/2024
won,8 wickets,won,2nd, Australia,10/11/2024